S.N.,Symbol,Company,Ratio,Units,Price,Opening Date,Closing Date,Book Closure Date,Listing Date,Issue Manager,Status,View,Eligibility Check
1,UAIL,United Ajod Insurance Limited,1:0.10,"2,310,000.00",100.00,Coming Soon,Coming Soon,2026-03-01,,Laxmi Sunrise Capital Limited,Coming Soon,,
2,BNHC,Buddha Bhumi Nepal Hydropower Company Limited,1:1,"4,000,000.00",100.00,Coming Soon,Coming Soon,2026-02-13,,NIC Asia Capital,Coming Soon,,
3,RFPL,River Falls Power Limited,1:1,"7,000,000.00",100.00,2025-09-08,2025-10-12,2025-08-11,2025-12-17,Prabhu Capital Limited,Closed,,
4,CITY,City Hotel Limited,1:0.80,"13,392,000.00",100.00,2025-09-08,2025-10-12,2025-08-12,2025-12-11,Prabhu Capital Limited,Closed,,
5,NABBC,Narayani Development Bank Limited,1: 1,"2,624,676.00",100.00,2025-09-18,2025-10-26,2025-08-25,,Global IME Capital ltd.,Closed,,
6,JOSHI,Joshi Hydropower Development Company Limited,1:0.65,"2,414,100.00",100.00,2025-07-31,2025-09-04,2025-06-22,2025-11-26,LS Capital Limited,Closed,,
7,SSHL,Shiva Shree Hydropower Limited,1:1,"14,764,000.00",100.00,2025-09-04,2025-10-09,2025-08-01,2025-12-17,Citizens Capital Limited,Closed,,
8,KKHC,Khani Khola Hydropower Company Limited,1:1,"4,657,143.00",100.00,2025-08-19,2025-09-21,2025-07-11,2025-12-12,Citizens Capital Limited,Closed,,
9,BARUN,Barun Hydropower Company Limited,1:1,"5,358,150.00",100.00,2025-07-15,2025-08-19,2025-06-05,2025-11-13,RBB Merchant Banking Limited,Closed,,
10,NICL,Nepal Insurance Company Limited,10:3.4783,"6,576,967.76",100.00,2025-07-22,2025-08-18,2025-06-13,2025-11-04,NIMB Ace Capital Limited,Closed,,
11,TPC,Terhathum Power Company Limited,1:1,"4,000,000.00",100.00,2025-06-30,2025-07-27,2025-05-19,2025-09-25,Nabil Investment Banking Limited,Closed,,
12,ALICL,Asian Life Insurance Company Limited,1:0.42,"14,279,312.48",100.00,2025-07-09,2025-08-05,2025-05-30,2025-11-04,Muktinath Capital Limited,Closed,,
13,PPL,People's Power Limited,1:0.5,"3,163,000.00",100.00,2025-07-06,2025-08-11,2025-06-16,2025-10-31,Prabhu Capital Limited,Closed,,
14,CHL,Chhyangdi Hydropower Company Limited,1:1,"3,869,775.00",100.00,2025-06-06,2025-07-11,2025-05-16,2025-08-25,Global Ime Capital Limited,Closed,,
15,RHGCL,Rapti Hydro &amp; General Construction Limited,1:1,"6,127,938.00",100.00,2025-06-15,2025-07-08,2025-05-20,2025-09-23,Muktinath Capital Limited,Closed,,
16,DORDI,Dordi Khola Hydropower Company Limited,1:1,"10,542,604.00",100.00,2025-04-01,2025-04-27,2025-02-27,2025-08-31,Sanima Capital Limited,Closed,,
17,SNLI,Sun Nepal Life Insurance Company Limited,1:0.27,"10,696,320.00",100.00,2025-05-13,2025-06-17,2025-04-18,2025-07-14,Nepal SBI Merchant Banking Limited,Closed,,
18,NIL,Neco Insurance Limited,1:0.25,"5,030,901.55",100.00,2025-02-20,2025-03-27,2025-01-31,2025-06-12,Sanima Capital Limited,Closed,,
19,NGPL,Ngadi Group Power Limited,1:1,"18,512,792.23",100.00,2025-01-07,2025-02-11,2024-12-03,2025-04-01,Siddhartha Capital Limited,Closed,,
20,BHL,Balephi Hydropower Limited,1:1,"18,279,700.00",100.00,2024-12-12,2025-01-01,2024-11-06,2025-04-01,NIMB Ace Capital Limited,Closed,,
21,LICN,Life Insurance Corporation Nepal Limited,1:0.8845168,"23,468,000.00",100.00,2024-11-27,2025-01-01,2024-10-25,2025-03-16,Nepal SBI Merchant Banking Limited,Closed,,
22,NLG,NLG Insurance Company Limited,10:6.256,"9,631,220.22",100.00,2024-11-26,2024-12-31,2024-11-12,2025-03-09,LS Capital Limited,Closed,,
23,LEC,Liberty Energy Company Limited,1:0.5,"7,500,000.00",100.00,2024-12-01,2024-12-22,2024-11-06,2025-02-14,Prabhu Capital Limited,Closed,,
24,AKJCL,Ankhukhola Hydropower Company Limited,1:1.5,"12,000,000.00",100.00,2024-08-11,2024-09-01,2024-07-16,2024-11-11,Nabil Investment Banking Limited,Closed,,
25,HURJA,Himalaya Urja Bikas Company Limited,1:1,"9,900,000.00",100.00,2024-08-08,2024-08-28,2024-07-04,2024-10-29,Nabil Investment Banking Limited,Closed,,
26,MMHPL,Middle Modi Hydropower Limited,1:0.6024,"4,879,719.00",100.00,2024-07-09,2024-07-28,Coming Soon,,,Closed,,
27,NLCL,Nepal Life Capital Limited (Former National Merchant Banker Limited),1:0.50,"1,499,518.00",100.00,2024-06-25,2024-07-09,2024-07-09,,,Closed,,
28,RIDI,Ridi Power Company Limited,1:0.5,"7,744,506.00",100.00,2024-03-01,2024-03-21,2024-02-05,2024-05-13,Muktinath Capital Limited,Closed,,
29,AHPC,Arun Valley Hydropower Development Company Limited,1:1,"18,679,626.00",100.00,2024-02-29,2024-03-20,2024-01-29,2024-05-20,Muktinath Capital Limited,Closed,,
30,SHEL,Singati Hydro Energy Limited,1:1,"14,500,000.00",100.00,2024-02-14,2024-03-05,2024-01-07,2024-05-02,Kumari Capital Limited,Closed,,
31,LSML,Linch Stock Market Limited,1:0.20,"245,037.00",100.00,2024-01-23,2024-03-19,2024-02-26,,Linch Stock Market Limited,Closed,,
32,GHL,Ghalemdi Hydro Limited,1:2,"11,000,000.00",100.00,2023-11-26,2024-01-01,2023-10-20,2024-02-22,Muktinath Capital Limited,Closed,,
33,UPPER,Upper Tamakoshi Hydropower Limited,1: 1,"105,900,000.00",100.00,2023-09-04,2023-10-09,2023-08-11,2024-03-10,Sunrise Capital Limited,Closed,,
34,AKPL,Arun Kabeli Power Limited,1: 1,"18,552,105.00",100.00,2023-08-28,2023-09-17,2023-07-10,2023-12-11,Nabil Investment Banking Ltd,Closed,,
35,MPFL,Multipurpose Finance Company Limited,1: 0.35,"1,582,000.00",100.00,2023-08-27,2023-09-17,2023-07-28,2023-11-10,Muktinath Capital Limited,Closed,,
36,SPDL,Synergy Power Development Limited,2: 1,"4,032,875.00",100.00,2023-08-20,2023-09-17,2023-07-28,2023-12-10,Sanima Capital Limited,Closed,,
37,API,Api Power Company Limited,1: 0.40,"16,533,137.00",100.00,2023-08-16,2023-09-05,2023-07-07,2023-11-10,Muktinath Capital Limited,Closed,,
38,HDHPC,Himal Dolakha Hydropower Company Limited,1: 0.75,"12,000,000.00",100.00,2023-06-05,2023-07-10,2023-05-10,2023-09-07,Laxmi Capital Market Limited,Closed,,
39,NHPC,National Hydro Power Company Limited,10:5,"8,221,459.72",100.00,2023-07-14,2023-08-03,2023-06-16,2023-10-19,Muktinath Capital Limited,Closed,,
40,BARUN,Barun Hydropower Company Limited,1:1,"2,679,075.00",100.00,2022-08-22,2022-09-16,2022-07-18,2022-12-04,RBB Merchant Banking Limited,Closed,,
41,RADHI,Radhi Bidyut Company Limited,1:1.4752,"9,535,760.99",100.00,2022-09-21,2022-10-11,2022-08-28,2022-12-14,Muktinath Capital Limited,Closed,,
42,NGPL,Ngadi Group Power Limited,1:1.5,"10,603,986.00",100.00,2022-08-03,2022-08-23,2022-07-04,2022-11-11,Siddhartha Capital Ltd,Closed,,
43,NFS,Nepal Finance Limited,1:0.70,"3,454,474.28",100.00,2022-05-20,2022-06-09,2022-05-04,2022-07-31,Prabhu Capital Ltd.,Closed,,
44,API,Api Power Company Limited,1: 0.3936,"10,860,000.00",100.00,2022-04-08,2022-04-28,2022-03-28,2022-07-13,Muktinath Capital Ltd.,Closed,,
45,SICL,Shikhar Insurance Company Limited,10:3,"5,275,572.00",100.00,2022-03-15,2022-04-04,2022-02-04,2022-06-10,NIBL Ace Capital Ltd,Closed,,
46,IGIL,IME General Insurance Limited,10:4,"4,630,344.00",100.00,2022-03-06,2022-03-27,2022-02-13,2022-06-06,Global IME Capital Ltd.,Closed,,
47,CHL,Chhyangdi Hydropower Company Limited,10:3,"893,025.00",100.00,2022-01-25,2022-02-14,2022-01-05,2022-04-21,Global IME Capital Ltd.,Closed,,
48,SFCL,Samriddhi Finance Company Limited (former World Merchant Banking),2:1,"2,729,705.00",100.00,2022-02-20,2022-03-13,2021-12-26,2022-05-24,BOK Capital Market Ltd.,Closed,,
49,CORBL,Corporate Development Bank Limited,1:1.5,"3,000,000.00",100.00,2022-01-21,2022-02-25,2022-01-10,2022-05-20,Civil Capital Market Ltd.,Closed,,
50,NABBC,Narayani Development Bank Limited,1:1,"1,312,338.00",100.00,2021-12-23,2022-01-26,2021-12-10,2022-03-23,Global IME Capital Ltd,Closed,,
51,EDBL,Excel Development Bank Limited,10:3,"2,433,363.67",100.00,2021-10-11,2021-11-15,2021-09-17,2022-01-17,NIBL Ace Capital,Closed,,
52,API,Api Power Company Limited,1:0.2938,"5,670,000.00",100.00,2021-06-03,2021-06-27,2021-05-12,2021-08-26,Muktinath Capital Ltd.,Closed,,
53,HIDCL,Hydroelectricity Investment and Development Company Limited,1:1,"110,000,000.00",100.00,2021-07-20,2021-08-24,2021-06-11,2021-11-11,Global IME Capital Limited,Closed,,
54,AHPC,Arun Valley Hydropower Development Company Limited,1:0.5,"5,241,197.00",100.00,2021-04-19,2021-05-16,2021-03-22,2021-07-16,Muktinath Capital Limited,Closed,,
55,CIT,Citizen Investment Trust,100:82.84,"13,592,592.00",100.00,2021-01-12,2021-02-01,2020-12-29,2021-04-18,RBB Merchant Banking Limited,Closed,,
56,NABBC,Narayani Development Bank Limited,1:1,"656,169.00",100.00,2021-01-26,2021-02-15,2021-01-13,2021-04-21,Global IME Capital Ltd.,Closed,,
57,NFS,Nepal Finance Limited,1:1.25,"1,697,506.25",100.00,2020-11-19,2020-12-09,2020-10-22,2021-02-03,Prabhu Capital Limited,Closed,,
58,SFCL,Samriddhi Finance Company Limited (former World Merchant Banking),1:2,"3,639,606.00",100.00,2020-10-02,2020-10-22,2020-08-25,2020-12-15,BOK Capital Limited,Closed,,
59,SICL,Shikhar Insurance Company Limited,10:3,"3,171,932.00",100.00,2020-06-28,2020-07-19,2020-02-25,2020-08-30,Nibl Ace Capital Limited,Closed,,
60,HLBSL,Himalayan Laghubitta Bittiya Sanstha Limited (Former Civil Laghubitta),1:1,"1,141,140.00",100.00,2020-08-09,2020-09-14,2020-06-29,2020-11-24,Century Capital Market Limited,Closed,,
61,API,Api Power Company Limited,1:0.47619047619,"5,670,000.00",100.00,2020-10-30,2020-11-19,2020-03-14,2021-02-21,Siddhartha Capital Limited,Closed,,
62,PICL,Prudential Insurance Company Limited,10:6,"3,849,120.00",100.00,2020-06-21,2020-07-03,2020-02-10,2020-09-06,NMB Capital Ltd,Closed,,
63,GLICL,Gurans Life Insurance Company Limited,1:1,"9,385,200.00",100.00,2020-06-28,2020-07-19,2020-03-05,2020-11-02,NMB Capital Ltd,Closed,,
64,NLG,NLG Insurance Company Limited,10:6,"3,842,437.50",100.00,2020-03-05,2020-07-09,Coming Soon,2020-09-23,Laxmi Capital Market Limited,Closed,,
65,SMATA,Samata Gharelu Laghubitta Bittiya Sanstha Limited,1:2,"1,213,440.00",100.00,2019-10-14,2019-11-17,2019-09-18,2020-01-31,NIBL ACE Capital Limited,Closed,,
66,LGIL,Lumbini General Insurance Limited,10:2,"1,760,000.00",100.00,2019-11-10,2019-12-15,2019-10-14,2020-06-11,CBIL Capital Limited,Closed,,
67,UIC,United Insurance Company (Nepal) Limited,1:2.4,"7,257,600.00",100.00,2019-08-20,2019-10-10,2019-07-30,2020-02-18,NMB Capital Limited,Closed,,
68,SFFIL,Srijana Finance Limited,10:6,"2,764,692.00",100.00,2019-10-04,2019-11-22,2019-09-23,2020-01-16,Sunrise Capital Limited,Closed,,
69,MNBBL,Muktinath Bikas Bank Limited,10:2,"6,129,520.25",100.00,2019-08-29,2019-10-02,2019-08-16,2020-01-05,Vibor Capital Limited,Closed,,
70,SLICL,Surya Life Insurance Company Limited,10:7,"8,874,096.00",100.00,2019-08-25,2019-09-29,2019-08-14,2019-12-19,NIC Asia Capital Ltd.,Closed,,
71,NMBMF,NMB Laghubitta Bittiya Sanstha Limited,1:1.5,"2,430,093.75",100.00,2019-11-10,2019-12-15,2019-10-27,2020-03-01,Sunrise Capital Limited,Closed,,
72,GILB,Global IME Laghubitta Bittiya Sanstha Limited,1:1,"1,104,575.00",100.00,2019-08-06,2019-09-09,2019-07-17,2019-11-29,Global IME Capital Limited,Closed,,
73,WOMI,Womi Laghubitta Bittiya Sanstha Limited,1:1,"1,010,880.00",100.00,2019-07-25,2019-08-28,2019-07-12,2019-12-16,Siddhartha Capital Limited,Closed,,
74,MPFL,Multipurpose Finance Company Limited,1:8.64469,"3,585,264.00",100.00,2019-07-08,2019-08-26,2019-06-26,2020-02-17,Civil Capital Limited,Closed,,
75,JSLBB,Janautthan Samudayic Laghubitta Bittiya Sanstha Limited,1:1,"288,000.00",100.00,2019-06-27,2019-07-31,2019-06-17,2019-11-21,Siddhartha Capital Limited,Closed,,
76,EIC,Everest Insurance Company Limited,1:3,"8,219,475.00",100.00,2019-05-28,2019-07-01,2019-04-22,2019-09-15,Siddhartha Capital Limited,Closed,,
77,GBLBS,Grameen Bikas Laghubitta Bittiya Sanstha Limited,1:0.5,"3,275,000.00",100.00,2019-05-10,2019-06-13,2019-04-12,2019-08-29,NIBL Ace Capital Limited,Closed,,
78,GLICL,Gurans Life Insurance Company Limited,2:1,"2,970,000.00",100.00,2019-04-11,2019-05-15,2019-03-20,2019-08-22,Laxmi Capital Market Ltd.,Closed,,
79,ALICL,Asian Life Insurance Company Limited,1:0.6,"7,540,352.73",100.00,2019-04-08,2019-05-12,2019-03-06,2019-07-16,NIBL Ace Capital Limited,Closed,,
80,MLBBL,Mithila Laghubitta Bittiya Sanstha Limited,2:1,"329,890.00",100.00,2019-01-31,2019-03-13,2019-01-15,2019-06-20,Kathmandu Capital Market Limited,Closed,,
81,NICL,Nepal Insurance Company Limited,1:0.65,"4,014,651.58",100.00,2019-03-05,2019-04-08,2019-02-10,2019-06-25,Global IME Capital Limited,Closed,,
82,MERO,Mero Microfinance Laghubitta Bittiya Sanstha Limited,1:1,"3,289,000.00",100.00,2019-03-03,2019-04-07,2019-02-07,2019-06-20,Global IME Capital Ltd,Closed,,
83,UMB,Unnati Laghubitta Bittiya Sanstha Limited,5:1,"110,000.00",100.00,2019-02-25,2019-03-31,2019-01-30,2019-06-07,Siddhartha Capital Ltd.,Closed,,
84,IGIL,IME General Insurance Limited,10:8,"4,320,000.00",100.00,2019-01-01,2019-02-04,2018-11-25,2019-04-02,Global IME Capital Ltd.,Closed,,
85,NADEP,NADEP Laghubitta Bittiya Sanstha Limited,1:1,"1,600,000.00",100.00,2018-12-09,2019-01-13,2018-11-23,2019-04-09,Nabil Investment Banking Ltd.,Closed,,
86,EIC,Everest Insurance Company Limited,1: 1.05,"1,403,325.00",100.00,2018-12-02,2019-01-06,2018-11-13,2019-02-26,Siddhartha Capital Ltd.,Closed,,
87,MSLB,Mahuli Laghubitta Bittiya Sanstha Limited,2:1,"300,000.00",100.00,2018-11-27,2018-12-31,2018-11-14,2020-07-28,Sunrise Capital Limited,Closed,,
88,KMFL,Kisan Microfinance Bittiya Sanstha Limited,2:1,"240,250.00",100.00,2018-11-18,2018-12-23,2018-10-30,2019-02-21,Civil Capital Market Ltd.,Closed,,
89,SDESI,Swadeshi Laghubitta Bittiya Sanstha Limited,1:1,"1,150,000.00",100.00,2018-10-09,2018-11-12,2018-09-10,2019-01-08,NIC Asia Capital Limited,Closed,,
90,NCCB,Nepal Credit and Commerce Bank Limited,2:1,"23,395,292.00",100.00,2018-08-19,2018-10-08,2018-07-31,2019-02-10,Sunrise Capital Limited,Closed,,
91,CEFL,City Express Finance Limited (former Kuber Merchant Finance),1:1.67,"2,500,000.00",100.00,2018-08-16,2018-09-20,2018-08-06,2019-02-06,Kathmandu Capital Market Limited,Closed,,
92,JEFL,Jebils Finance Limited,10:4,"2,311,650.00",100.00,2018-06-24,2018-08-13,2018-06-06,2019-06-20,Sunrise Capital Limited,Closed,,
93,NNLB,Naya Nepal Laghubitta Bikas Bank Limited,1:2.5,"600,000.00",100.00,2018-08-11,2018-09-16,2018-07-23,2019-02-06,NMB Capital Limited,Closed,,
94,PROFL,Progressive Finance Limited,1:2.81,"5,901,000.00",100.00,2018-08-20,2018-10-09,2018-08-08,2019-05-14,Sunrise Capital Ltd,Closed,,
95,SLBBL,Swarojgar Laghubitta Bittiya Sanstha Limited,1:1,"1,224,978.00",100.00,2018-07-28,2018-09-02,2018-07-12,2018-12-11,NMB Capital Limited,Closed,,
96,NBBL,Nagbeli Laghubitta Bikash Bank Limited,1:1,"766,463.00",100.00,2018-07-20,2018-08-23,2018-07-05,2019-01-09,NMB Capital Limited,Closed,,
97,SIL,Siddhartha Insurance Limited,10:3.5,"2,244,974.00",100.00,2018-06-30,2018-08-05,2018-05-15,2017-08-25,NMB Capital Limited,Closed,,
98,RSDC,RSDC Laghubitta Bittiya Sanstha Limited,5:3,"2,159,700.00",100.00,2018-06-30,2018-08-05,2018-06-05,,NIBL ACE Capital Ltd.,Closed,,
99,NLICL,National Life Insurance Company Limited,10:6,"9,936,477.50",100.00,2018-07-17,2018-09-04,2018-07-06,2018-12-11,NIBL ACE Capital Limited,Closed,,
100,SMATA,Samata Gharelu Laghubitta Bittiya Sanstha Limited,2:1,"189,600.00",100.00,2018-07-11,2018-08-14,2018-06-26,,NIBL ACE Capital Ltd,Closed,,
101,MMFDB,Mirmire Laghubitta Bittiya Sanstha Limited,1:1,"450,000.00",99.00,2018-07-10,2018-08-14,2018-06-01,2018-08-22,NIBL ACE Capital Limited,Closed,,
102,SYFL,Synergy Finance Limited,1:0.25,"1,186,022.47",100.00,2018-07-08,2018-08-28,2018-06-13,,Prabhu Capital Limited,Closed,,
103,PRIN,Prabhu Insurance Company Limited,1:0.46,"3,166,678.00",100.00,2018-06-21,2018-07-26,2018-05-28,,Prabhu Capital Ltd.,Closed,,
104,WOMI,Womi Laghubitta Bittiya Sanstha Limited,10:3,"233,280.00",100.00,2018-05-29,2018-07-03,2018-05-18,2018-09-13,Siddhartha Capital Limited,Closed,,
105,SLICL,Surya Life Insurance Company Limited,10:4,"2,887,500.00",100.00,2018-05-13,2018-06-17,2018-04-18,2018-09-02,NIC Asia Capital Limited,Closed,,
106,KBL,Kumari Bank Limited,10:2,"11,938,992.00",100.00,2018-05-10,2018-06-14,2018-04-23,,NIBL Capital Market Limited,Closed,,
107,NICL,Nepal Insurance Company Limited,1:1,"3,019,886.10",100.00,2018-04-17,2018-05-21,2018-04-06,2018-07-17,NIBL Capital Market Ltd.,Closed,,
108,SHBL,Sahara Bikas Bank Limited,1:2.5,"1,824,870.00",100.00,2018-05-19,2018-07-08,2018-04-23,2021-03-29,NIBL Capital Market Limited,Closed,,
109,DBBL,Deva Bikas Bank Limited,10:4,"6,533,108.59",100.00,2018-04-08,2018-05-13,2018-03-01,,NIBL Capital Market Ltd.,Closed,,
110,MFIL,Manjushree Finance Limited,100:5,"362,190.00",100.00,2018-03-21,2018-04-24,2018-02-21,,Ace Capital Limited,Closed,,
111,PLIC,Prime Life Insurance Company Limited,1:1.60,"9,763,200.00",100.00,2018-03-10,2018-04-14,2018-03-01,2023-08-03,Siddhartha Capital Limited,Closed,,
112,SLBS,Suryodaya Laghubitta Bittiya Sanstha Limited,1:0.7,"280,000.00",100.00,2018-03-08,2018-04-11,2018-02-09,,Global IME Capital Limited,Closed,,
113,FMDBL,First Microfinance Laghubitta Bittiya Sanstha Limited,2:1,"2,281,313.00",100.00,2018-03-01,2018-04-05,2018-01-23,,Global IME Capital Limited,Closed,,
114,ALICL,Asian Life Insurance Company Limited,2:1,"4,027,966.00",100.00,2018-02-24,2018-04-14,2018-01-22,2018-06-21,NIBL Ace Capital Limited,Closed,,
115,SBL,Siddhartha Bank Limited,10:1,"6,826,117.00",100.00,2018-02-13,2018-03-19,2018-02-05,,Laxmi Capital Market Limited,Closed,,
116,NIL,Neco Insurance Limited,2:1,"3,920,928.00",100.00,2018-02-08,2018-03-14,2018-01-23,2018-06-21,NMB Capital Limited,Closed,,
117,KSBBL,Kamana Sewa Bikas Bank Limited,10:1.5,"3,094,155.00",100.00,2018-01-28,2018-03-18,2018-01-17,,NMB Capital Limited,Closed,,
118,SIFC,Shree Investment Finance Company Limited,10:8.3,"2,867,226.00",100.00,2018-01-28,2018-03-03,2018-01-14,,Siddhartha Capital Limited,Closed,,
119,KRBL,Karnali Development Bank Limited,1:2.25,"3,397,500.00",100.00,2018-01-24,2018-03-14,2018-01-04,,Prabhu Capital Limited,Closed,,
120,LBBL,Lumbini Bikas Bank Limited,10:1,"2,008,878.00",100.00,2018-01-24,2018-03-06,2018-01-05,,Prabhu Capital Limited,Closed,,
121,PRVU,Prabhu Bank Limited,10:4,"23,525,608.00",100.00,2018-01-20,2018-03-06,2018-01-05,,Sunrise Capital Limited,Closed,,
122,GRDBL,Green Development Bank Limited,1:4,"4,000,000.00",100.00,2018-01-15,2018-03-06,2018-01-01,,Laxmi Capital Market Limited,Closed,,
123,PFL,Pokhara Finance Limited,1:0.15,"983,683.00",100.00,2018-01-13,2018-02-17,2017-12-29,2018-05-18,NIBL Capital Market Limited,Closed,,
124,CFCL,Central Finance Limited,2:1,"2,603,314.00",100.00,2018-01-06,2018-02-24,2017-12-19,2018-06-21,NIBL Capital Market Limited,Closed,,
125,PICL,Prudential Insurance Company Limited,10:3,"1,283,040.00",100.00,2017-12-30,2018-02-03,2017-12-01,2018-04-12,NIC Asia Capital Limited,Closed,,
126,SADBL,Shangrila Development Bank Limited,10:8,"10,867,799.00",100.00,2017-12-31,2018-02-11,2017-12-13,,Prabhu Capital Limited,Closed,,
127,GDBL,Gandaki Bikas Bank Limited,4:1,"4,609,816.00",100.00,2017-12-21,2018-01-24,2017-12-01,2018-04-19,Prabhu Capital Limited,Closed,,
128,CBL,Civil Bank Limited,10:4,"20,740,888.00",100.00,2017-12-07,2018-01-25,2017-11-21,,Laxmi Capital Market Ltd,Closed,,
129,RLFL,Reliance Finance Limited,10:4.5,"2,306,572.00",100.00,2017-12-07,2018-01-25,2017-11-24,2019-05-28,Sunrise Capital Limited,Closed,,
130,MMDBL,Mount Makalu Development Bank Limited,2:1,"345,800.00",100.00,2017-11-22,2017-12-26,2017-11-03,,NIBL Capital Market Limited,Closed,,
131,BHBL,Bhargav Bikash Bank Limited,10:8,"2,112,000.00",100.00,2017-11-09,2017-12-28,2017-11-01,,NMB Capital Ltd,Closed,,
132,GMFIL,Guheswori Merchant Banking &amp; Finance Limited,10:4,"1,973,929.00",100.00,2017-10-28,2017-12-03,2017-10-13,2018-03-15,NIBL Capital Market Limited,Closed,,
133,ODBL,Om Development Bank Limited,10:3,"4,931,835.00",100.00,2017-10-08,2017-11-11,2017-09-15,,NIBL Capital Market Ltd.,Closed,,
134,NCDB,Nepal Community Development Bank Limited,1:1.2,"2,643,539.00",100.00,2017-10-11,2017-11-14,2017-10-04,,NIBL Capital Market Ltd.,Closed,,
135,EDBL,Excel Development Bank Limited,2:1,"1,922,813.00",100.00,2017-10-03,2017-11-06,2017-09-06,,Ace Capital Ltd.,Closed,,
136,KMFL,Kisan Microfinance Bittiya Sanstha Limited,100:24.2,"78,000.00",100.00,2017-09-19,2017-10-23,2017-08-27,2017-12-28,Civil Capital Market Ltd,Closed,,
137,RSDC,RSDC Laghubitta Bittiya Sanstha Limited,1:2,"2,300,000.00",100.00,2017-09-17,2017-11-05,2017-09-01,,NIBL Capital Market Ltd,Closed,,
138,SMFDB,Summit Laghubitta Bittiya Sanstha Limited,1:1,"725,000.00",100.00,2017-09-13,2017-10-17,2017-08-25,,Sanima Capital Limited,Closed,,
139,JEFL,Jebils Finance Limited,1:1,"2,889,563.00",100.00,2017-09-16,2017-11-05,2017-08-30,2018-02-15,Sunrise Capital Limited,Closed,,
140,BFC,Best Finance Company Limited,1:1.3,"1,652,850.00",100.00,2017-09-11,2017-10-30,2017-08-10,,Global IME Capital Ltd.,Closed,,
141,MEGA,Mega Bank Nepal Limited,10:6.5,"29,785,036.00",100.00,2017-09-11,2017-10-30,2017-01-19,2018-01-03,Nabil Investment Banking Ltd.,Closed,,
142,KEBL,Kabeli Bikas Bank Limited,2:1,"350,880.00",100.00,2017-09-02,2017-10-31,2017-08-03,,Global IME Capital Ltd,Closed,,
143,SINDU,Sindhu Bikas Bank Limited,10:8,"2,097,540.00",100.00,2017-09-02,2017-10-21,2017-08-25,,NIBL Capital Market Ltd,Closed,,
144,KADBL,Kanchan Development Bank Limited,10:3,"1,039,500.00",100.00,2017-07-13,2017-08-16,2017-06-15,,Global IME Capital Ltd,Closed,,
145,LGIL,Lumbini General Insurance Limited,1:1,"3,900,000.00",100.00,2017-07-13,2017-08-16,2017-06-27,,CBIL Capital Ltd.,Closed,,
146,HATH,Hathway Finance Company Limited,1:1,"1,500,000.00",100.00,2017-08-21,2017-09-24,2017-07-24,,Global IME Capital Limited,Closed,,
147,MNBBL,Muktinath Bikas Bank Limited,10:4,"6,170,865.00",100.00,2017-08-19,2017-09-23,2017-08-04,,NIBL Capital Market Ltd.,Closed,,
148,SHPC,Sanima Mai Hydropower Limited,1:1,"10,550,000.00",100.00,2017-08-10,2017-09-13,2017-07-25,,Sunrise Capital Ltd,Closed,,
149,KNBL,Kankai Bikas Bank Limited,1:2.1,"3,210,000.00",100.00,2017-07-23,2017-08-26,2017-07-03,2017-11-16,Siddhartha Capital Ltd.,Closed,,
150,CCBL,Century Commercial Bank Limited,10:4,"18,854,256.00",100.00,2017-07-30,2017-09-17,2017-07-11,,Civil Capital Market Limited,Closed,,
151,GFCL,Goodwill Finance Company Limited,10:6,"2,722,500.00",100.00,2017-07-01,2017-08-05,2017-06-16,,NIBL Capital Markets Ltd.,Closed,,
152,EBL,Everest Bank Limited,3:1,"15,088,087.00",100.00,2017-07-01,2017-08-05,2017-06-21,,NIBL Capital Markets Limited,Closed,,
153,PURBL,Purnima Bikas Bank Limited,4:1,"880,963.00",100.00,2017-07-02,2017-08-05,2017-05-30,,Siddhartha Capital Limited,Closed,,
154,MBL,Machhapuchchhre Bank Limited,10:1.2,"7,918,440.00",100.00,2017-07-19,2017-08-22,2017-05-30,,NMB Capital Ltd.,Closed,,
155,SKDBL,Saptakoshi Development Bank Limited,1:1.3,"2,743,000.00",100.00,2017-07-13,2017-08-24,2017-06-28,,NMB Capital Ltd.,Closed,,
156,HGI,Himalayan General Insurance Company Limited,1:1.7,"6,420,000.00",100.00,2017-07-11,2017-08-24,2017-06-30,2017-12-12,NMB Capital Ltd.,Closed,,
157,GILB,Global IME Laghubitta Bittiya Sanstha Limited,2:1,"282,500.00",100.00,2017-07-08,2017-08-12,2017-06-30,,Civil Capital Market Ltd.,Closed,,
158,ALDBL,Alpine Development Bank Limited,3:2.1,"2,600,754.00",100.00,2017-07-08,2017-08-12,2017-06-04,,NMB Capital Ltd.,Closed,,
159,MMFDB,Mirmire Laghubitta Bittiya Sanstha Limited,2:1,"150,000.00",100.00,2017-06-18,2017-07-22,2017-05-31,2017-09-14,Prabhu Capital Ltd.,Closed,,
160,IGIL,IME General Insurance Limited,1:1,"2,700,000.00",100.00,2017-06-18,2017-07-23,2017-05-18,2017-10-09,Global IME Capital Ltd.,Closed,,
161,SRBL,Sunrise Bank Limited,10:3,"16,359,636.00",100.00,2017-05-29,2017-07-02,2017-05-13,,Prabhu Capital Ltd.,Closed,,
162,SBL,Siddhartha Bank Limited,10:3,"15,752,578.00",100.00,2017-06-07,2017-07-11,2017-05-30,,Laxmi Capital Market Ltd,Closed,,
163,HAMRO,Hamro Bikas Bank Limited,1:2,"3,058,339.00",100.00,2017-05-20,2017-06-24,2017-04-24,,NIBL Capital Markets Ltd.,Closed,,
164,GUFL,Gurkhas Finance Limited,2:1,"2,893,313.00",100.00,2017-05-14,2017-06-24,2017-05-03,,NIBL Capital Markets Ltd.,Closed,,
165,SBI,Nepal SBI Bank Limited,10:4,"19,919,424.00",100.00,2017-05-20,2017-06-24,2017-05-09,2017-08-20,NMB Capital Ltd.,Closed,,
166,SLBBL,Swarojgar Laghubitta Bittiya Sanstha Limited,100:50,"349,994.00",100.00,2017-06-14,2017-07-18,2017-05-31,2017-09-14,NMB Capital Limited,Closed,,
167,KMBL,Kamana Bikas Bank Limited,10:3,"2,413,137.00",100.00,2017-06-24,2017-07-29,2017-06-13,,NIBL Capital Market Ltd.,Closed,,
168,SBBLJ,Sahayogi Vikas Bank Limited,10:3.5,"1,101,135.00",100.00,2017-05-14,2017-06-17,2017-04-28,,NCM Merchant Banking Ltd.,Closed,,
169,SIL,Siddhartha Insurance Limited,5.2:1,"862,125.00",100.00,2017-05-10,2017-06-13,2017-04-28,,Laxmi Capital Market Ltd.,Closed,,
170,FMDBL,First Microfinance Laghubitta Bittiya Sanstha Limited,2:1,"1,322,500.00",100.00,2017-05-10,2017-06-13,2017-04-12,,Global IME Capital Limited,Closed,,
171,JBBL,Jyoti Bikash Bank Limited,1:1,"11,043,171.00",100.00,2017-05-10,2017-06-13,2017-04-27,,Siddhartha Capital Limited,Closed,,
172,TNBL,Tinau Development Bank Limited,10:3.5,"1,194,796.00",100.00,2017-05-01,2017-06-04,2017-04-19,,Siddhartha Capital Limited,Closed,,
173,NBB,Nepal Bangladesh Bank Limited,10:8,"32,094,068.00",100.00,2017-04-19,2017-05-23,2017-03-30,2021-03-18,Global IME Capital Limited,Closed,,
174,SANIMA,Sanima Bank Limited,10:3,"15,917,617.00",100.00,2017-04-29,2017-06-03,2017-03-31,,CBIL Capital Ltd.,Closed,,
175,GBBL,Garima Bikas Bank Limited,10:7,"9,076,297.00",100.00,2017-04-26,2017-05-30,2017-04-12,2017-07-17,Ace Capital Limited,Closed,,
176,NBL,Nepal Bank Limited,100:23.74,"15,431,840.00",100.00,2017-04-19,2017-05-23,2017-04-11,2017-07-24,Civil Capital Market lImited,Closed,,
177,SDBL,Siddhartha Development Bank Limited,10:6,"8,515,006.00",100.00,2017-04-19,2017-05-23,2017-04-09,,Nabil Investment Banking Limited,Closed,,
178,LBL,Laxmi Bank Limited,1:1,"31,590,304.00",100.00,2017-04-15,2017-05-20,2017-03-31,,Siddhartha Capital Limited,Closed,,
179,CZBIL,Citizens Bank International Limited,10:2.5,"13,843,379.00",100.00,2017-04-05,2017-05-10,2017-03-09,,Sanima Capital Ltd.,Closed,,
180,PRIN,Prabhu Insurance Company Limited,2:1,"1,925,079.00",100.00,2017-04-11,2017-05-15,2017-03-19,,Prabhu Capital Limited,Closed,,
181,NICA,NIC Asia Bank Limited,100:15,"8,729,475.00",100.00,2017-03-28,2017-05-01,2017-03-20,,Civil Capital Markets Ltd.,Closed,,
182,TDBL,Tourism Development Bank Limited,1:1,"9,197,712.00",100.00,2017-03-25,2017-05-08,2017-03-10,,NIBL Capital Market Limited,Closed,,
183,NLBBL,Nerude Laghubitta Bittiya Sanstha Limited,2:1,"900,000.00",100.00,2017-03-26,2017-04-29,2017-03-13,,NCM Merchant Banking Ltd.,Closed,,
184,MIDBL,Mission Development Bank Limited,1:1,"1,949,250.00",100.00,2017-03-15,2017-04-18,2017-03-06,,Vibor Capital Limited,Closed,,
185,KBL,Kumari Bank Limited,2:1,"13,495,833.00",100.00,2017-03-18,2017-04-22,2017-03-03,,Siddhartha Capital Limited,Closed,,
186,DDBL,Deprosc Laghubitta Bittiya Sanstha Limited,1:1,"2,579,238.00",100.00,2017-03-19,2017-05-07,2017-02-13,,Nabil Investment Banking Ltd.,Closed,,
187,BHBL,Bhargav Bikash Bank Limited,1:1,"1,200,000.00",100.00,2017-03-06,2017-04-09,2017-03-23,,NMB Capital Limited,Closed,,
188,KBBL,Kailash Bikas Bank Limited,5:1,"3,160,672.00",100.00,2017-02-16,2017-03-22,2016-12-29,,Global IME Capital Ltd.,Closed,,
189,NIL,Neco Insurance Limited,1:1,"3,240,436.00",100.00,2017-02-13,2017-03-19,2016-12-29,,NMB Capital Ltd.,Closed,,
190,DBBL,Deva Bikas Bank Limited,2:1,"4,405,440.00",100.00,2017-01-21,2017-03-09,2017-01-02,,NIBL Capital Markets Ltd.,Closed,,
191,MFIL,Manjushree Finance Limited,1:1.8,"4,386,375.00",100.00,2017-01-18,2017-02-21,2016-12-24,,Ace Capital Ltd.,Closed,,
192,SKDBL,Saptakoshi Development Bank Limited,1:1,"1,000,000.00",100.00,2017-01-07,2017-02-11,2016-12-23,,NMB Capital Limited,Closed,,
193,KADBL,Kanchan Development Bank Limited,2:1,"990,000.00",100.00,2017-01-01,2017-02-04,2016-12-15,,Global IME Capital Limited,Closed,,
194,SAFL,Sagarmatha Finance Limited,10:8,"2,954,389.00",100.00,2016-12-25,2017-01-29,2016-12-09,,NIBL Capital Market Limited,Closed,,
195,NBSL,Namaste Bittiya Sanstha Limited,1:1,"375,000.00",100.00,2016-12-22,2017-01-25,2016-12-09,,NMB Capital Limited,Closed,,
196,WDBL,Western Development Bank Limited,1:1,"1,569,600.00",100.00,2016-12-06,2017-01-24,2017-01-25,,Prabhu Capital Limited,Closed,,
197,SEWA,Sewa Bikas Bank Limited,1:1.20,"5,106,662.00",100.00,2016-12-07,2017-01-10,2016-10-05,2017-05-08,NMB Capital Limited,Closed,,
198,MBL,Machhapuchchhre Bank Limited,2:1,"19,322,700.00",100.00,2016-12-03,2017-01-14,2016-10-28,2017-04-03,Civil Capital Market Limited,Closed,,
199,NBBL,Nagbeli Laghubitta Bikash Bank Limited,2:1,"125,000.00",100.00,2016-12-04,2017-01-22,2017-01-23,2017-07-04,NMB Capital Limited,Closed,,
200,NMBMF,NMB Laghubitta Bittiya Sanstha Limited,1:1.20,"552,000.00",100.00,2016-11-20,2016-12-25,2016-11-03,,Laxmi Capital Market Limited,Closed,,
201,SETI,Seti Finance Limited,1:1.50,"951,786.00",100.00,2016-11-15,2016-12-19,2016-10-26,,NIBL Capital Markets Limited,Closed,,
202,JBNL,Janata Bank Nepal Limited,2:1,"10,300,000.00",100.00,2016-11-15,2016-12-25,2016-12-26,,NCM Merchant Banking Limited,Closed,,
203,KDBL,Kasthamandap Development Bank Limited,4:1,"1,699,742.00",100.00,2016-11-10,2016-12-14,2016-10-25,,NCM Merchant Banking Limited,Closed,,
204,HBL,Himalayan Bank Limited,7:1,"6,427,350.00",100.00,2016-11-10,2016-12-14,2016-10-26,,Laxmi Capital Market Limited,Closed,,
205,TBBL,Triveni Bikas Bank Limited,2:1,"4,100,076.00",100.00,2016-11-07,2016-12-11,2016-10-17,2017-03-06,Ace Capital Limited,Closed,,
206,SBL,Siddhartha Bank Limited,4:1,"7,555,193.00",100.00,2016-10-26,2016-11-29,2016-10-03,,Laxmi Capital Market Ltd.,Closed,,
207,ADBL,Agricultural Development Bank Limited,2:1,"19,688,000.00",100.00,2016-10-18,2016-11-21,2016-09-26,,Ace Capital Limited.,Closed,,
208,ARDBL,Araniko Development Bank Limited,10:3.6,"928,190.00",100.00,2016-10-23,2016-11-26,2016-10-14,,Siddhartha Capital Limited,Closed,,
209,SHBL,Sahara Bikas Bank Limited,1:1.50,"354,000.00",100.00,2016-09-29,2016-11-02,2016-09-07,,Global IME Capital Limited,Closed,,
210,MNBBL,Muktinath Bikas Bank Limited,2:1,"4,192,164.00",100.00,2016-10-06,2016-11-09,2016-09-15,,NIBL Capital Market Limited,Closed,,
211,MDB,Miteri Development Bank Limited,2:1,"1,056,370.00",100.00,2016-10-16,2016-11-19,2016-09-22,,Prabhu Capital Limited,Closed,,
212,GMFIL,Guheswori Merchant Banking &amp; Finance Limited,2:1,"1,468,697.00",100.00,2016-10-06,2016-11-09,2016-09-04,2017-01-23,NIBL Capital Market Limited,Closed,,
213,LLBS,Laxmi Laghubitta Bittiya Sanstha Limited,1:1,"1,100,000.00",100.00,2016-09-29,2016-11-07,2016-09-11,,NMB Capital Limited,Closed,,
214,UFL,United Finance Limited,4:1,"1,159,836.00",100.00,2016-07-13,2016-09-10,2016-07-04,,Nabil Investment Banking Limited,Closed,,
215,MMDBL,Mount Makalu Development Bank Limited,1:1.50,"390,000.00",100.00,2016-08-31,2016-10-04,2016-08-05,,NIBL Capital Markets Ltd.,Closed,,
216,PCBL,Prime Commercial Bank Limited,3:1,"12,350,874.00",100.00,2016-08-27,2016-10-01,2016-08-04,,Civil Capital Market Limited,Closed,,
217,WOMI,Womi Laghubitta Bittiya Sanstha Limited,2:1,"180,000.00",100.00,2016-08-28,2016-10-01,2016-08-05,2016-12-28,Siddhartha Capital Limited,Closed,,
218,CCBL,Century Commercial Bank Limited,10:3,"8,522,400.00",100.00,2016-08-20,2016-09-24,2016-08-02,,Civil Capital Market Limited,Closed,,
219,PURBL,Purnima Bikas Bank Limited,2:1,"1,008,544.00",100.00,2016-08-16,2016-09-19,2016-08-04,,Siddhartha Capital Limited,Closed,,
220,MEGA,Mega Bank Nepal Limited,4:1,"8,101,438.00",100.00,2016-08-10,2016-09-13,2016-07-25,2016-12-15,Global IME Capital limited,Closed,,
221,IGIL,IME General Insurance Limited,10:8,"1,200,000.00",100.00,2016-08-06,2016-09-10,2016-07-21,,Global IME Capital limited,Closed,,
222,MSBBL,Manaslu Bikas Bank Limited,2:1,"917,648.00",100.00,2016-08-06,2016-09-10,2016-07-21,,Prabhu Capital Ltd.,Closed,,
223,SINDU,Sindhu Bikas Bank Limited,1:1,"1,209,375.00",100.00,2016-08-06,2016-09-10,2016-07-22,,NIBL Capital Markets Ltd.,Closed,,
224,SLICL,Surya Life Insurance Company Limited,4:1,"125,000.00",100.00,2016-08-03,2016-09-06,2016-07-12,2017-01-31,Laxmi Capital market Limited,Closed,,
225,MLBBL,Mithila Laghubitta Bittiya Sanstha Limited,2:1,"169,740.00","16,974,000.00",2016-08-02,2016-09-05,2016-07-22,2017-01-02,Civil Capital Markets Ltd.,Closed,,
226,ALDBL,Alpine Development Bank Limited,3:2.10,"820,000.00",100.00,2016-08-02,2016-09-05,2016-07-05,,Nmb Capital Limited,Closed,,
227,CSDBL,Cosmos Development Bank Limited,1:1,"503,125.00",100.00,2016-07-25,2016-08-28,2016-07-18,,Civil Capital Markets Ltd.,Closed,,
228,CZBIL,Citizens Bank International Limited,10:5.50,"16,858,786.00",100.00,2016-06-18,2016-07-23,2016-06-06,,Global IME Capital Ltd.,Closed,,
229,SANIMA,Sanima Bank Limited,2:1,"15,301,440.00",100.00,2016-06-25,2016-07-30,2016-06-07,,Nabil Investment Banking Ltd,Closed,,
230,RHPC,Ridi Hydropower Development Company Limited,10:3.50,"1,155,000.00",100.00,2016-06-14,2016-07-18,2016-05-27,,Global IME Capital Ltd.,Closed,,
231,KRBL,Karnali Development Bank Limited,2:1,"400,000.00",100.00,2016-05-14,2016-07-13,2016-04-25,,Growmore Merchant Banker Ltd,Closed,,
232,NICA,NIC Asia Bank Limited,4:1,"9,237,540.00",100.00,2016-05-25,2016-06-28,2016-05-13,,Civil Capital Market Ltd.,Closed,,
233,NCDB,Nepal Community Development Bank Limited,1:1,"1,000,000.00",100.00,2016-05-11,2016-06-14,2016-04-29,,NIBL Capital Markets Ltd.,Closed,,
234,JHBL,Jhimruk Bikas Bank Limited,10:1,"48,500.00",100.00,2016-03-29,2016-05-02,2016-03-10,,Growmore Merchant Banker Ltd.,Closed,,
235,TNBL,Tinau Development Bank Limited,4:1,"546,193.00",100.00,2016-03-10,2016-04-13,2016-02-28,,Siddhartha Capital Ltd.,Closed,,
236,SADBL,Shangrila Development Bank Limited,4:1,"1,840,000.00",100.00,2016-02-20,2016-03-26,2016-02-04,,NMB Capital Ltd.,Closed,,
237,SFFIL,Srijana Finance Limited,2:1,"672,000.00",100.00,2016-02-07,2016-03-12,2016-01-19,2016-11-11,NCM Merchant Banking Ltd.,Closed,,
238,PRVU,Prabhu Bank Limited,10:2,"6,417,770.00",100.00,2016-02-27,2016-04-02,2015-10-01,,Nabil Investment Banking Ltd.,Closed,,
239,SUBBL,Subhechha Bikas Bank Limited,3:1,"500,852.00",100.00,2016-01-31,2016-03-05,2016-01-13,,Ace Capital Ltd.,Closed,,
240,GDBL,Gandaki Bikas Bank Limited,10:3,"1,056,000.00",100.00,2016-01-30,2016-03-05,2016-01-14,,Global IME Capital Ltd.,Closed,,
241,EDBL,Excel Development Bank Limited,4:1.037,"525,000.00",100.00,2016-01-20,2016-02-23,2016-01-11,,Ace Capital Ltd.,Closed,,
242,SRBL,Sunrise Bank Limited,100:15,"3,690,473.00",100.00,2016-01-24,2016-01-29,2016-01-10,,Civil Capital Market Ltd.,Closed,,
243,INDB,Innovative Development Bank Limited,3:2,"1,000,000.00",100.00,2016-01-21,2016-02-24,2016-01-10,,NMB Capital Ltd.,Closed,,
244,KADBL,Kanchan Development Bank Limited,4:1,"330,000.00",100.00,2015-12-23,2016-01-26,2015-12-11,,Global IME Capital Ltd.,Closed,,
245,SKBBL,Sana Kisan Bikas Laghubitta Bittiya Sanstha Limited,2:1,"1,153,412.00",100.00,2015-12-10,2016-01-13,2015-11-24,2016-06-22,Nabil  investment Banking Ltd.,Closed,,
246,ICFC,ICFC Finance Limited,2:1,"2,134,845.00",100.00,2015-11-23,2015-12-27,2015-10-29,,Global IME Capital Ltd.,Closed,,
247,KKBL,Kankrebihar Bikas Bank Limited,1:0.5,"172,500.00",100.00,2015-11-01,2015-12-05,2015-10-14,,Growmore Merchant Banker Ltd.,Closed,,
248,KFL,Kathmandu Finance Limited.,1:1,"1,837,763.00",100.00,2015-10-31,2015-12-05,2015-05-30,,NIBL Capital Markets Ltd.,Closed,,
249,CCBL,Century Commercial Bank Limited,4:1,"5,300,000.00",100.00,2015-10-26,2015-11-29,2015-10-07,,Civil Capital Market Ltd.,Closed,,
250,GABL,Gaumukhee Bikas Bank Limited,2:0.75,"168,480.00",100.00,2015-10-10,2015-11-14,2015-09-29,,NMB Capital Ltd.,Closed,,
251,MIDBL,Mission Development Bank Limited,2:1,"575,000.00",100.00,2015-10-06,2015-11-09,2015-09-29,,Vibor capital Ltd.,Closed,,
252,MBL,Machhapuchchhre Bank Limited,5:1,"5,552,501.00",100.00,2015-10-03,2015-11-07,2015-08-17,,Nabil Investment Banking Ltd.,Closed,,
253,NBBL,Nagbeli Laghubitta Bikash Bank Limited,4:1,"50,000.00",100.00,2015-09-30,2015-10-31,2015-09-15,,NMB Capital Ltd.,Closed,,
254,LBL,Laxmi Bank Limited,10:3,"7,013,606.00",100.00,2015-06-20,2015-07-25,2015-06-03,,NMB Capital Ltd.,Closed,,
255,PROFL,Progressive Finance Limited,4:3,"900,000.00",100.00,2015-08-01,2015-09-05,2015-07-08,2016-01-22,Growmore Merchant Banker Ltd.,Closed,,
256,METRO,Metro Development Bank Limited,20:3,"278,504.00",100.00,2015-07-29,2015-08-22,2015-07-07,2016-07-06,NCM Merchant Banking Ltd.,Closed,,
257,CBBL,Chhimek Laghubitta Bittiya Sanstha Limited,2:1,"1,418,447.00",100.00,2015-07-27,2015-08-30,2015-07-15,,NMB Capital Ltd.,Closed,,
258,PICL,Prudential Insurance Company Limited,5:1,"540,000.00",100.00,2015-07-20,2015-08-23,2015-07-03,,Global IME Capital Ltd.,Closed,,
259,SLBBL,Swarojgar Laghubitta Bittiya Sanstha Limited,1:1,"200,000.00",100.00,2015-06-25,2015-07-29,2015-06-14,2015-10-15,NMB Capital Ltd.,Closed,,
260,KEBL,Kabeli Bikas Bank Limited,2:1,"172,000.00",100.00,2015-04-22,2015-05-26,2015-04-08,2016-04-26,Global IME Capital Ltd.,Closed,,
261,UIC,United Insurance Company (Nepal) Limited,1:1.50,"1,512,000.00",100.00,2015-04-25,2015-05-30,2015-03-29,,Global IME Capital Ltd.,Closed,,
262,PURBL,Purnima Bikas Bank Limited,4:1,"275,000.00",100.00,2015-04-18,2015-05-23,2015-04-01,,Ace Capital Ltd.,Closed,,
263,PIC,Premier Insurance Company (Nepal) Limited,1:1.15,"1,346,951.00",100.00,2015-03-29,2015-05-02,2015-03-10,2015-10-01,Laxmi Capital Market Ltd.,Closed,,
264,NGBL,Nilgiri Bikas Bank Limited,4:1,"300,000.00",100.00,2015-03-22,2015-04-25,2015-03-09,2015-06-09,Global IME Capital Ltd.,Closed,,
265,SRBL,Sunrise Bank Limited,10:1,"2,236,650.00",100.00,2015-03-05,2015-04-08,2015-02-18,,Civil Capital Market Ltd.,Closed,,
266,NIL,Neco Insurance Limited,10:8.488,"1,147,784.00",100.00,2015-02-25,2015-03-31,2015-02-15,2015-07-12,Civil Capital Market Ltd.,Closed,,
267,GBBL,Garima Bikas Bank Limited,4:1,"1,122,000.00",100.00,2015-02-26,2015-04-01,2015-02-12,2015-06-21,Ace Capital Ltd.,Closed,,
268,FMDBL,First Microfinance Laghubitta Bittiya Sanstha Limited,1:1,"1,000,000.00",100.00,2015-02-26,2015-04-01,2015-02-12,,Nabil Investment Banking Ltd.,Closed,,
269,MSBBL,Manaslu Bikas Bank Limited,4:1,"300,000.00",100.00,2015-01-17,2015-02-21,2015-01-02,,Growmore Merchant Banking Ltd.,Closed,,
270,SBBLJ,Sahayogi Vikas Bank Limited,10:1.5,"214,326.00",100.00,2014-01-18,2015-02-21,2014-12-24,,NCM Merchant Banking Ltd.,Closed,,
271,HAMRO,Hamro Bikas Bank Limited,10:7,"420,700.00",100.00,2014-12-16,2015-01-19,2014-11-28,,Growmore Merchant Banking Ltd.,Closed,,
272,MNBBL,Muktinath Bikas Bank Limited,4:1,"918,750.00",100.00,2014-11-30,2015-01-03,2014-11-14,,Growmore Merchant Banking Ltd.,Closed,,
273,SEWA,Sewa Bikas Bank Limited,5:1,"515,200.00",100.00,2014-11-29,2015-01-03,2014-11-13,2015-05-28,NMB Capital Ltd.,Closed,,
274,CDBL,City Development Bank Limited,10:3,"924,000.00",100.00,2014-10-21,2014-11-24,2014-10-09,,Nabil Investment Banking Ltd.,Closed,,
275,TNBL,Tinau Development Bank Limited,4:1,"322,000.00",100.00,2014-08-14,2014-09-17,2014-07-30,,Citizen Investment Trust,Closed,,
276,CIVIC,Civic Development Bank Limited,4:1,"100,000.00",100.00,2014-08-11,2014-09-14,2014-07-21,,Growmore Merchant Banking Ltd.,Closed,,
277,INDB,Innovative Development Bank Limited,4:1,"262,500.00",100.00,2014-08-12,2014-09-15,2014-07-30,,NMB Capital Ltd.,Closed,,
278,AIC,Alliance Insurance Company Limited,10:55,"892,692.00",100.00,2014-07-02,2014-08-05,2014-06-22,,NMB Capital Ltd.,Closed,,
279,SHINE,Shine Resunga Development Bank Limited,2:1,"1,919,182.00",100.00,2014-05-22,2014-06-25,2014-05-11,,Growmore Merchant Banking Ltd.,Closed,,
280,NICL,Nepal Insurance Company Limited,1:1,"1,319,016.00",100.00,2014-04-14,2014-06-17,2014-04-30,2014-10-21,Growmore Merchant Banking Ltd.,Closed,,
281,MBBL,Mahakali Bikas Bank Limited,1:2,"800,000.00",100.00,2014-05-04,2013-06-07,2014-04-04,,Ace Capital Ltd.,Closed,,
282,SMBF,Sagarmatha Merchant Banking &amp; Finance Limited,4:1,"412,500.00",100.00,2014-04-28,2014-06-01,2014-04-10,2015-01-04,Citizen Investment Trust,Closed,,
283,METRO,Metro Development Bank Limited,20:7,"371,000.00",100.00,2014-04-16,2014-05-20,2014-04-01,2014-09-16,NCM Merchant Banking Ltd.,Closed,,
284,SICL,Shikhar Insurance Company Limited,2:1,"875,000.00",100.00,2014-04-12,2014-05-17,2014-04-02,2014-08-27,NIBL Capital Mrkets Ltd.,Closed,,
285,ALICL,Asian Life Insurance Company Limited,20:1,"256,297.00",100.00,2014-04-01,2014-05-05,2014-03-11,2014-07-18,Civil Capital Market Ltd.,Closed,,
286,AHPC,Arun Valley Hydropower Development Company Limited,1:1,"3,504,930.00",100.00,2014-03-24,2014-04-27,2014-02-13,2014-06-30,Elite Capital Ltd.,Closed,,
287,BPCL,Butwal Power Company Limited,3:2,"6,768,463.00",100.00,2014-03-02,2014-04-05,2014-02-05,2014-06-30,NMB Capital Ltd.,Closed,,
288,LGIL,Lumbini General Insurance Limited,10:6.296,"965,910.00",100.00,2014-02-02,2014-03-08,2014-01-16,2014-09-26,Ace Capital Ltd.,Closed,,
289,KEBL,Kabeli Bikas Bank Limited,11:4,"80,000.00",100.00,2014-01-18,2014-02-22,2013-12-20,2014-08-27,Elite Capital Ltd.,Closed,,
290,BSBL,Bishwa Bikas Bank Limited,4:1,"630,000.00",100.00,2014-01-08,2014-02-11,2013-12-24,2014-08-12,Growmore Merchant Banker Ltd.,Closed,,
291,HGI,Himalayan General Insurance Company Limited,1:1.4801,"1,492,000.00",100.00,2014-01-12,2014-02-15,2014-01-01,2014-04-27,NMB Capital Ltd.,Closed,,
292,PICL,Prudential Insurance Company Limited,1:1,"1,250,000.00",100.00,2014-01-05,2014-02-08,2013-12-23,,NMB Capital Ltd.,Closed,,
293,KFL,Kathmandu Finance Limited.,1:0.15,"231,994.00",100.00,2013-12-22,2014-01-25,2013-12-11,2014-11-06,Growmore Merchant Banker Ltd.,Closed,,
294,NGBL,Nilgiri Bikas Bank Limited,1:0.7391,"425,000.00",100.00,2013-12-02,2014-01-05,2013-11-08,2014-03-21,Elite Capital Ltd.,Closed,,
295,SIL,Siddhartha Insurance Limited,10:9,"1,188,000.00",100.00,2013-11-30,2014-01-04,2013-11-14,2014-04-04,NMB Capital Ltd.,Closed,,
296,WDBL,Western Development Bank Limited,3:2,"400,000.00",100.00,2013-11-09,2013-12-14,2013-10-07,2014-05-02,Growmore Merchant Banker Ltd.,Closed,,
297,GLICL,Gurans Life Insurance Company Limited,10:3.04121,"1,166,000.00",100.00,2013-10-31,2013-12-04,2013-10-20,2014-03-07,NMB Capital Ltd.,Closed,,
298,GBBL,Garima Bikas Bank Limited,2:1,"1,100,000.00",100.00,2013-10-03,2013-11-06,2013-10-06,2014-03-21,Elite Capital Ltd.,Closed,,
299,TBBL,Triveni Bikas Bank Limited,10:3,"745,181.00",100.00,2013-10-01,2013-11-05,2013-09-20,2014-01-19,Ace Capital Ltd.,Closed,,
300,SLICL,Surya Life Insurance Company Limited,10:2.1565,"887,000.00",100.00,2013-09-02,2013-10-06,2013-08-20,2013-12-29,Elite Capital Ltd.,Closed,,
301,GDBL,Gandaki Bikas Bank Limited,1:0.28,"700,000.00",100.00,2013-08-10,2013-09-14,2013-07-15,,Elite Capital Ltd.,Closed,,
302,NBL,Nepal Bank Limited,1:9.5157,"36,196,176.00",100.00,2013-05-22,2013-06-25,2013-05-09,2013-10-06,Civil Capital Market Ltd. and Citizens Investment Trust,Closed,,
303,SFFIL,Srijana Finance Limited,1:2,"560,000.00",100.00,2013-04-28,2013-06-01,2014-01-19,2014-07-18,NCM Merchant Banking Ltd.,Closed,,
304,SEWA,Sewa Bikas Bank Limited,1:0.66,"920,000.00",100.00,2013-03-06,2013-04-09,2013-02-24,2013-07-14,NMB Capital Ltd.,Closed,,
305,NEFL,Nepal Express Finance Limited,100:11.8881,"170,000.00",100.00,2012-07-31,2012-09-03,2012-06-04,2013-02-12,NCM Merchant Banking Ltd.,Closed,,
306,KNBL,Kankai Bikas Bank Limited,1:1.50,"600,000.00",100.00,2012-06-21,2012-07-25,2012-06-11,2013-01-29,Growmore Merchant Banker Ltd.,Closed,,
307,BBBLN,Bageshowori Dev.elopment  Bank Limited,1:2.5,"1,485,000.00",100.00,2012-06-21,2012-07-25,2012-06-07,,NMB Capital Ltd.,Closed,,
308,NDFL,Nava Durga Finance Company Limited,5:1,"253,264.00",100.00,2012-06-12,2012-07-16,2012-07-24,2013-02-24,Growmore Merchant Banker Ltd.,Closed,,
309,NLG,NLG Insurance Company Limited,2:1,"150,000.00",100.00,2012-05-01,2012-06-05,2012-06-21,,Civil Capital Market Ltd.,Closed,,
310,TBBL,Triveni Bikas Bank Limited,2:1,"678,500.00",100.00,2012-02-23,2012-03-28,2011-12-12,2012-09-09,Ace Capital Ltd.,Closed,,
311,UFIL,Unique Finance Limited,1:1,"1,000,000.00",100.00,2011-09-25,2011-11-19,2011-09-15,,Nabil Investment Banking Ltd.,Closed,,
312,UFIL,Unique Finance Limited,1:1,"1,000,000.00",100.00,2011-09-25,2011-10-29,2011-09-15,2012-02-16,Nabil Investment Banking Ltd.,Closed,,
313,IGIL,IME General Insurance Limited,2:1,"500,000.00",100.00,2011-06-26,2011-07-30,2011-06-16,2011-09-23,Civil Capital Market Ltd,Closed,,
314,RBSL,Resunga Bikas Bank Limited,1:1,"306,000.00",100.00,2011-06-26,2011-07-30,2011-06-03,2011-09-23,Civil Capital Market Ltd,Closed,,
315,BFIL,Bhajuratna Finance &amp; Saving Company Limited,5:8,"616,000.00",100.00,2011-06-16,2011-07-20,2011-08-15,2011-12-19,NCM Merchant Banking Ltd.,Closed,,
316,PCCTL,Prabhu Cable Car &amp; Tourism Limited,1:1,"7,000,000.00",100.00,2024-12-14,2025-01-17,Coming Soon,,,Closed,,
